{
	"song": {
		"speed": 2.7,
		"stage": "stage",
		"player1": "bf",
		"player2": "dad",
		"healthdrain": 0,
		"events": [],
		"notes": [
			{
				"gfSection": false,
				"altAnim": false,
				"typeOfSection": 0,
				"sectionNotes": [
					[
						0,
						0,
						0
					],
					[
						206.896551724138,
						1,
						0
					],
					[
						413.793103448276,
						2,
						0
					],
					[
						620.689655172414,
						0,
						0
					],
					[
						827.586206896552,
						1,
						0
					],
					[
						931.034482758621,
						2,
						0
					],
					[
						1034.48275862069,
						3,
						100
					],
					[
						1241.37931034483,
						2,
						0
					],
					[
						1344.8275862069,
						0,
						0
					],
					[
						1396.55172413793,
						2,
						0
					],
					[
						1448.27586206897,
						0,
						0
					],
					[
						1500,
						2,
						0
					]
				],
				"bpm": 150,
				"sectionBeats": 4,
				"changeBPM": false,
				"mustHitSection": true
			},
			{
				"gfSection": false,
				"altAnim": false,
				"typeOfSection": 0,
				"sectionNotes": [
					[
						1655.1724137931,
						0,
						0
					],
					[
						1862.06896551724,
						1,
						0
					],
					[
						2068.96551724138,
						2,
						0
					],
					[
						2275.86206896552,
						0,
						0
					],
					[
						2482.75862068966,
						1,
						0
					],
					[
						2586.20689655172,
						2,
						0
					],
					[
						2689.65517241379,
						3,
						100
					],
					[
						2172.41379310345,
						3,
						0
					],
					[
						2896.55172413793,
						2,
						0
					],
					[
						3000,
						1,
						100
					],
					[
						3206.89655172414,
						2,
						0
					]
				],
				"bpm": 150,
				"sectionBeats": 4,
				"changeBPM": false,
				"mustHitSection": true
			},
			{
				"gfSection": false,
				"altAnim": false,
				"typeOfSection": 0,
				"sectionNotes": [
					[
						3310.34482758621,
						0,
						0
					],
					[
						3517.24137931035,
						1,
						0
					],
					[
						3724.13793103448,
						2,
						0
					],
					[
						3931.03448275862,
						0,
						0
					],
					[
						4137.93103448276,
						1,
						0
					],
					[
						4241.37931034483,
						2,
						0
					],
					[
						4344.8275862069,
						3,
						100
					],
					[
						4551.72413793103,
						2,
						0
					],
					[
						4655.1724137931,
						0,
						0
					],
					[
						4706.89655172414,
						2,
						0
					],
					[
						4758.62068965517,
						0,
						0
					],
					[
						4810.34482758621,
						2,
						0
					]
				],
				"bpm": 145,
				"sectionBeats": 4,
				"changeBPM": false,
				"mustHitSection": true
			},
			{
				"gfSection": false,
				"altAnim": false,
				"typeOfSection": 0,
				"sectionNotes": [
					[
						4965.51724137931,
						3,
						0
					],
					[
						5172.41379310345,
						1,
						0
					],
					[
						5586.20689655172,
						3,
						0
					],
					[
						5793.10344827586,
						1,
						0
					],
					[
						6206.89655172414,
						2,
						0
					],
					[
						6413.79310344828,
						3,
						0
					],
					[
						6206.89655172414,
						0,
						0
					]
				],
				"bpm": 145,
				"sectionBeats": 4,
				"changeBPM": false,
				"mustHitSection": true
			},
			{
				"gfSection": false,
				"altAnim": false,
				"typeOfSection": 0,
				"sectionNotes": [
					[
						6620.68965517241,
						2,
						0
					],
					[
						6827.58620689655,
						1,
						0
					],
					[
						7034.48275862069,
						0,
						0
					],
					[
						7241.37931034483,
						0,
						0
					],
					[
						7655.1724137931,
						2,
						0
					],
					[
						7862.06896551724,
						3,
						0
					],
					[
						8068.96551724138,
						2,
						0
					]
				],
				"bpm": 145,
				"sectionBeats": 4,
				"changeBPM": false,
				"mustHitSection": true
			},
			{
				"gfSection": false,
				"altAnim": false,
				"typeOfSection": 0,
				"sectionNotes": [
					[
						8275.86206896552,
						0,
						0
					],
					[
						8482.75862068966,
						3,
						300
					],
					[
						8896.55172413793,
						1,
						300
					],
					[
						9310.34482758621,
						2,
						200
					],
					[
						9620.68965517241,
						3,
						200
					]
				],
				"bpm": 145,
				"sectionBeats": 4,
				"changeBPM": false,
				"mustHitSection": true
			},
			{
				"gfSection": false,
				"altAnim": false,
				"typeOfSection": 0,
				"sectionNotes": [
					[
						9931.03448275862,
						0,
						0
					],
					[
						10137.9310344828,
						1,
						0
					],
					[
						10344.8275862069,
						0,
						0
					],
					[
						10551.724137931,
						1,
						0
					],
					[
						10758.6206896552,
						2,
						0
					],
					[
						10965.5172413793,
						1,
						0
					],
					[
						11172.4137931034,
						2,
						0
					],
					[
						11379.3103448276,
						3,
						0
					]
				],
				"bpm": 145,
				"sectionBeats": 4,
				"changeBPM": false,
				"mustHitSection": true
			},
			{
				"gfSection": false,
				"altAnim": false,
				"typeOfSection": 0,
				"sectionNotes": [
					[
						11586.2068965517,
						3,
						250
					],
					[
						12000,
						1,
						300
					],
					[
						12413.7931034483,
						2,
						300
					],
					[
						12827.5862068966,
						0,
						300
					],
					[
						11586.2068965517,
						2,
						0,
						"No Animation"
					],
					[
						12000,
						0,
						0,
						"No Animation"
					],
					[
						12413.7931034483,
						0,
						0,
						"No Animation"
					],
					[
						12827.5862068966,
						1,
						0,
						"No Animation"
					]
				],
				"bpm": 145,
				"sectionBeats": 4,
				"changeBPM": false,
				"mustHitSection": true
			},
			{
				"gfSection": false,
				"altAnim": false,
				"typeOfSection": 0,
				"sectionNotes": [
					[
						13241.3793103448,
						1,
						750
					],
					[
						14068.9655172414,
						2,
						700
					],
					[
						14586.2068965517,
						3,
						200
					]
				],
				"bpm": 145,
				"sectionBeats": 4,
				"changeBPM": false,
				"mustHitSection": true
			},
			{
				"gfSection": false,
				"altAnim": false,
				"typeOfSection": 0,
				"sectionNotes": [
					[
						14896.5517241379,
						1,
						700
					],
					[
						15724.1379310345,
						0,
						650
					],
					[
						16241.3793103448,
						1,
						200
					]
				],
				"bpm": 145,
				"sectionBeats": 4,
				"changeBPM": false,
				"mustHitSection": true
			},
			{
				"gfSection": false,
				"altAnim": false,
				"typeOfSection": 0,
				"sectionNotes": [
					[
						16551.724137931,
						0,
						0
					],
					[
						16758.6206896552,
						1,
						0
					],
					[
						16965.5172413793,
						2,
						0
					],
					[
						17172.4137931034,
						3,
						0
					],
					[
						17379.3103448276,
						2,
						450
					]
				],
				"bpm": 145,
				"sectionBeats": 4,
				"changeBPM": false,
				"mustHitSection": true
			},
			{
				"gfSection": false,
				"altAnim": false,
				"typeOfSection": 0,
				"sectionNotes": [
					[
						18206.8965517241,
						0,
						0
					],
					[
						18413.7931034483,
						1,
						0
					],
					[
						18620.6896551724,
						0,
						0
					],
					[
						18827.5862068966,
						1,
						0
					],
					[
						19034.4827586207,
						3,
						450
					],
					[
						19655.1724137931,
						3,
						0
					]
				],
				"bpm": 145,
				"sectionBeats": 4,
				"changeBPM": false,
				"mustHitSection": true
			},
			{
				"gfSection": false,
				"altAnim": false,
				"typeOfSection": 0,